{
  "generated_at":"2025-08-08T20:09:28.427191Z",
  "total_events":5769,
  "detections":3492,
  "relevant":646,
  "engagement_recommended":34,
  "positive_ratio":0.1119778124,
  "engage_ratio":0.0058935691
}